PassportNo,Nationality,FirstName,LastName,Dob,Email,Phone
IQSUHA51L,IND,Anne,Bartlett,1993-06-02,ievans@example.net,441614960101
Y8O69WEZC,ESP,Sam,James,1958-12-16,yanderson@example.com,442074960784
B3EU1Z0SH,ESP,Mark,Davies,2006-06-01,richardsonpaula@example.com,03069990514
BUK3XF1GP,ESP,Sandra,Harper,1975-04-24,donna28@example.org,449098790489
Z7FZTVOVK,USA,Karen,Carter,1961-08-18,andersonwendy@example.org,01154960543
6H76MWWJP,USA,Kirsty,May,1953-06-15,chandlerbrian@example.net,03069990227
JQMLJEL53,AUS,Roger,Pritchard,2005-01-04,iarnold@example.net,44292018346
2UUJ2E42T,FRA,Francesca,Patel,2007-10-24,ooneill@example.org,01314960098
DW6ET32CD,DEU,Gerald,Bailey,1963-06-10,wilsonryan@example.com,441144960834
SEF6Y39C2,AUS,Allan,Powell,1988-11-22,esmith@example.com,01174960116
MU46JD2GV,USA,Victoria,Jones,1970-08-23,daviesleah@example.org,01144960651
6LCP2277K,DEU,Karl,Wilkinson,1964-07-07,maryakhtar@example.com,01184960178
XSY0VDVEV,USA,Naomi,Watkins,1955-10-10,morganfrank@example.org,441414960773
9YSQJVFJW,FRA,Darren,O'Brien,2000-03-29,robinsonarthur@example.com,01214960687
ZIFT9YVI7,USA,Bryan,Lloyd,1959-01-27,jacksonjoanna@example.org,440163296050
16XBXTLNV,ITA,Stephanie,Bell,1983-12-23,kevinhunt@example.org,09098790219
MOIJESG68,ARE,Damian,Ahmed,1954-01-13,rosemarywright@example.net,441144960699
CVIYJKLK2,GBR,Elliot,Martin,1980-05-31,shane46@example.org,02920180475
0XP2S2O8P,FRA,Liam,Bailey,2003-12-23,fordallan@example.net,441184960251
4MX23SY67,ESP,Lauren,Kirby,2001-02-02,tlee@example.com,02890180808
KMIQD4X9G,ARE,Cheryl,Webb,1967-06-17,arthurclark@example.org,440163296082
HSFKR26J1,USA,Rhys,Edwards,1966-06-08,joycethomson@example.com,440161496074
O2WB0DZ6X,PAK,Mary,Norton,1955-06-13,harpercallum@example.net,441184960278
YFXOBUGVJ,IND,Chelsea,Potts,1991-01-08,hardinghollie@example.org,441914960059
CS4I42AFB,FRA,Sharon,Clarke,1982-02-20,julie05@example.org,442920180315
NJ971HSPT,USA,Jane,Simpson,1995-05-04,franktaylor@example.org,440909879060
DP03EH58B,ARE,Brett,Gill,1992-10-24,vroberts@example.org,441184960216
PJS1AWP0L,USA,Pauline,Morton,2000-09-04,ystone@example.org,440117496003
7XE78669B,ESP,Brian,Morgan,1969-02-17,bruce86@example.net,440808157085
4CYXQBWEW,PAK,Elliot,Carpenter,1956-10-13,ian19@example.com,01314960569
